{"cameraMode":{"drawMode":0,"name":"Shaded","section":"Shading Mode"},"sceneLighting":false,"audioPlay":false,"sceneViewState":{"showFog":true,"showMaterialUpdate":false,"showSkybox":false,"showFlares":true,"showImageEffects":true,"showParticleSystems":true},"in2DMode":false,"pivot":{"x":-0.4883047640323639,"y":1.097412109375,"z":-0.7530699372291565},"rotation":{"x":0.10718882828950882,"y":-0.007456714753061533,"z":0.0008039756794460118,"w":0.9942110776901245},"size":1.173837661743164,"orthographic":true}