{"cameraMode":{"drawMode":0,"name":"Shaded","section":"Shading Mode"},"sceneLighting":false,"audioPlay":false,"sceneViewState":{"showFog":true,"showMaterialUpdate":false,"showSkybox":false,"showFlares":true,"showImageEffects":true,"showParticleSystems":true},"in2DMode":false,"pivot":{"x":-0.1664646714925766,"y":1.3495901823043824,"z":-1.3720250129699708},"rotation":{"x":0.007499929051846266,"y":-1.1461767535081436e-8,"z":6.885958470093101e-8,"w":0.9999726414680481},"size":1.5058783292770386,"orthographic":true}