{"cameraMode":{"drawMode":0,"name":"Shaded","section":"Shading Mode"},"sceneLighting":false,"audioPlay":false,"sceneViewState":{"showFog":true,"showMaterialUpdate":false,"showSkybox":false,"showFlares":true,"showImageEffects":true,"showParticleSystems":true},"in2DMode":false,"pivot":{"x":-0.022315826267004014,"y":0.991943359375,"z":0.3148217797279358},"rotation":{"x":0.092819944024086,"y":0.031358592212200168,"z":-0.0029248062055557968,"w":0.9951847195625305},"size":1.8398559093475342,"orthographic":true}